{"cameraMode":{"drawMode":0,"name":"Shaded","section":"Shading Mode"},"sceneLighting":true,"audioPlay":false,"sceneViewState":{"m_AlwaysRefresh":false,"showFog":true,"showSkybox":true,"showFlares":true,"showImageEffects":true,"showParticleSystems":true,"showVisualEffectGraphs":true,"m_FxEnabled":true},"in2DMode":false,"pivot":{"x":-0.4543430805206299,"y":0.4856266975402832,"z":2.473318099975586},"rotation":{"x":0.2081204652786255,"y":-0.10540502518415451,"z":0.02255665324628353,"w":0.9721530079841614},"size":9.653007507324219,"orthographic":true}