{"cameraMode":{"drawMode":0,"name":"Shaded","section":"Shading Mode"},"sceneLighting":true,"audioPlay":false,"sceneViewState":{"m_AlwaysRefresh":false,"showFog":true,"showSkybox":true,"showFlares":true,"showImageEffects":true,"showParticleSystems":true,"showVisualEffectGraphs":true,"m_FxEnabled":true},"in2DMode":false,"pivot":{"x":-0.4543430805206299,"y":0.4856266975402832,"z":2.473318099975586},"rotation":{"x":0.12950526177883149,"y":-0.020823394879698755,"z":0.0027116751298308374,"w":0.9913637042045593},"size":13.341279029846192,"orthographic":true}