{"cameraMode":{"drawMode":0,"name":"Shaded","section":"Shading Mode"},"sceneLighting":true,"audioPlay":false,"sceneViewState":{"m_AlwaysRefresh":false,"showFog":true,"showSkybox":true,"showFlares":true,"showImageEffects":true,"showParticleSystems":true,"showVisualEffectGraphs":true,"m_FxEnabled":true},"in2DMode":false,"pivot":{"x":8.677934646606446,"y":5.779443740844727,"z":-3.893339157104492},"rotation":{"x":0.4221316874027252,"y":-0.019035018980503084,"z":0.008866054937243462,"w":0.9062908887863159},"size":18.823423385620118,"orthographic":true}